{"name":"New Messaging System","description":"New messaging interface in Moodle 3.6","pathmatch":"\/course\/view.php%","enabled":"1","sortorder":"2","configdata":"{\"placement\":\"bottom\",\"orphan\":\"0\",\"backdrop\":\"0\",\"reflex\":\"0\",\"filtervalues\":{\"category\":[],\"course\":[\"0\"],\"courseformat\":[],\"role\":[],\"theme\":[]},\"majorupdatetime\":1543468823}","version":"2018051400","steps":[{"title":"tour4_title_messaging,tool_usertours","content":"tour4_content_messaging,tool_usertours","targettype":"2","targetvalue":"","sortorder":"0","configdata":"{\"backdrop\":\"1\"}"},{"title":"tour4_title_icon,tool_usertours","content":"tour4_content_icon,tool_usertours","targettype":"0","targetvalue":"[id^=message-drawer-toggle]","sortorder":"1","configdata":"{\"backdrop\":\"0\",\"reflex\":\"1\"}"},{"title":"tour4_title_groupconvo,tool_usertours","content":"tour4_content_groupconvo,tool_usertours","targettype":"0","targetvalue":".message-drawer:not(.hidden) [data-region=\"view-overview-group-messages\"]","sortorder":"2","configdata":"{\"placement\":\"left\"}"},{"title":"tour4_title_starred,tool_usertours","content":"tour4_content_starred,tool_usertours","targettype":"0","targetvalue":".message-drawer:not(.hidden) [data-region=\"view-overview-favourites\"]","sortorder":"3","configdata":"{\"placement\":\"left\"}"},{"title":"tour4_title_settings,tool_usertours","content":"tour4_content_settings,tool_usertours","targettype":"0","targetvalue":".message-drawer:not(.hidden) [data-route=\"view-settings\"]","sortorder":"4","configdata":"{\"reflex\":\"1\"}"},{"title":"tour_final_step_title,tool_usertours","content":"tour_final_step_content,tool_usertours","targettype":"2","targetvalue":"","sortorder":"5","configdata":"{}"}]}
